{"cameraMode":{"drawMode":0,"name":"Shaded","section":"Shading Mode"},"sceneLighting":true,"audioPlay":false,"sceneViewState":{"showFog":true,"showMaterialUpdate":false,"showSkybox":true,"showFlares":true,"showImageEffects":true,"showParticleSystems":true},"in2DMode":false,"pivot":{"x":0.5845537185668945,"y":2.917755126953125,"z":-12.740961074829102},"rotation":{"x":-0.305878609418869,"y":0.6514044404029846,"z":-0.32461899518966677,"w":-0.6138231754302979},"size":9.375558853149414,"orthographic":true}