{"cameraMode":{"drawMode":0,"name":"Shaded","section":"Shading Mode"},"sceneLighting":true,"audioPlay":false,"sceneViewState":{"showFog":true,"showMaterialUpdate":false,"showSkybox":true,"showFlares":true,"showImageEffects":true,"showParticleSystems":true},"in2DMode":false,"pivot":{"x":-1.23095703125,"y":7.3291015625,"z":-9.6181640625},"rotation":{"x":-0.08122026175260544,"y":0.006574744358658791,"z":-0.0005379404756240547,"w":-0.9967023134231567},"size":13.08182144165039,"orthographic":true}