{"cameraMode":{"drawMode":0,"name":"Shaded","section":"Shading Mode"},"sceneLighting":false,"audioPlay":false,"sceneViewState":{"showFog":true,"showMaterialUpdate":false,"showSkybox":false,"showFlares":true,"showImageEffects":true,"showParticleSystems":true},"in2DMode":false,"pivot":{"x":0.5,"y":2.802999973297119,"z":-10.934870719909668},"rotation":{"x":-0.34887024760246279,"y":-0.25211310386657717,"z":0.09802305698394776,"w":-0.8973146677017212},"size":4.179655075073242,"orthographic":true}