{"cameraMode":{"drawMode":0,"name":"Shaded","section":"Shading Mode"},"sceneLighting":true,"audioPlay":false,"sceneViewState":{"showFog":true,"showMaterialUpdate":false,"showSkybox":true,"showFlares":true,"showImageEffects":true,"showParticleSystems":true},"in2DMode":false,"pivot":{"x":-7.791168212890625,"y":0.51953125,"z":-17.759765625},"rotation":{"x":-0.1140427365899086,"y":0.019961293786764146,"z":-0.0023306363727897407,"w":-0.9933227300643921},"size":9.520407676696778,"orthographic":true}