{"cameraMode":{"drawMode":0,"name":"Shaded","section":"Shading Mode"},"sceneLighting":true,"audioPlay":false,"sceneViewState":{"showFog":true,"showMaterialUpdate":false,"showSkybox":true,"showFlares":true,"showImageEffects":true,"showParticleSystems":true},"in2DMode":false,"pivot":{"x":-44.08848190307617,"y":3.691391944885254,"z":-10.27152156829834},"rotation":{"x":0.049775879830121997,"y":0.027579834684729577,"z":-0.001468200352974236,"w":0.998492956161499},"size":3.879225492477417,"orthographic":false}