{"cameraMode":{"drawMode":0,"name":"Shaded","section":"Shading Mode"},"sceneLighting":true,"audioPlay":false,"sceneViewState":{"showFog":true,"showMaterialUpdate":false,"showSkybox":true,"showFlares":true,"showImageEffects":true,"showParticleSystems":true},"in2DMode":false,"pivot":{"x":-45.674068450927737,"y":3.3841090202331545,"z":-10.42126178741455},"rotation":{"x":0.16285057365894319,"y":0.053849492222070697,"z":-0.009021354839205742,"w":0.9852595925331116},"size":5.679226398468018,"orthographic":false}