{"cameraMode":{"drawMode":0,"name":"Shaded","section":"Shading Mode"},"sceneLighting":true,"audioPlay":false,"sceneViewState":{"showFog":true,"showMaterialUpdate":false,"showSkybox":true,"showFlares":true,"showImageEffects":true,"showParticleSystems":true},"in2DMode":false,"pivot":{"x":-45.45611572265625,"y":3.8511414527893068,"z":-12.489437103271485},"rotation":{"x":0.10914280265569687,"y":0.09296438097953797,"z":-0.010126427747309208,"w":0.989784836769104},"size":14.633170127868653,"orthographic":false}