{"cameraMode":{"drawMode":0,"name":"Shaded","section":"Shading Mode"},"sceneLighting":true,"audioPlay":false,"sceneViewState":{"showFog":true,"showMaterialUpdate":false,"showSkybox":true,"showFlares":true,"showImageEffects":true,"showParticleSystems":true},"in2DMode":false,"pivot":{"x":6.333648681640625,"y":10.208030700683594,"z":1.17976713180542},"rotation":{"x":-0.1811787635087967,"y":0.6535818576812744,"z":-0.16537052392959596,"w":-0.7161093950271606},"size":86.62364959716797,"orthographic":false}