{"cameraMode":{"drawMode":0,"name":"Shaded","section":"Shading Mode"},"sceneLighting":true,"audioPlay":false,"sceneViewState":{"showFog":true,"showMaterialUpdate":false,"showSkybox":true,"showFlares":true,"showImageEffects":true,"showParticleSystems":true},"in2DMode":false,"pivot":{"x":-45.75005340576172,"y":2.697178363800049,"z":-12.906153678894043},"rotation":{"x":-0.029375026002526284,"y":-0.24574394524097444,"z":0.007449215278029442,"w":-0.9688647389411926},"size":1.327627420425415,"orthographic":false}