{"cameraMode":{"drawMode":0,"name":"Shaded","section":"Shading Mode"},"sceneLighting":true,"audioPlay":false,"sceneViewState":{"showFog":true,"showMaterialUpdate":false,"showSkybox":true,"showFlares":true,"showImageEffects":true,"showParticleSystems":true},"in2DMode":false,"pivot":{"x":-12.506111145019532,"y":22.86114501953125,"z":0.9205601215362549},"rotation":{"x":0.10253454744815827,"y":0.5762699246406555,"z":-0.07319125533103943,"w":0.8075321316719055},"size":14.633167266845704,"orthographic":false}