{"cameraMode":{"drawMode":0,"name":"Shaded","section":"Shading Mode"},"sceneLighting":true,"audioPlay":false,"sceneViewState":{"showFog":true,"showMaterialUpdate":true,"showSkybox":true,"showFlares":true,"showImageEffects":true,"showParticleSystems":true},"in2DMode":false,"pivot":{"x":87.39903259277344,"y":20.04046630859375,"z":-85.21586608886719},"rotation":{"x":0.6121055483818054,"y":-0.033181965351104739,"z":0.02572917938232422,"w":0.7896705865859985},"size":375.5952453613281,"orthographic":false}