{"cameraMode":{"drawMode":0,"name":"Shaded","section":"Shading Mode"},"sceneLighting":true,"audioPlay":false,"sceneViewState":{"showFog":true,"showMaterialUpdate":true,"showSkybox":true,"showFlares":true,"showImageEffects":true,"showParticleSystems":true},"in2DMode":false,"pivot":{"x":18.519561767578126,"y":2.488999843597412,"z":-69.11000061035156},"rotation":{"x":0.161298006772995,"y":-0.2113816738128662,"z":0.035421691834926608,"w":0.9633705019950867},"size":11.249503135681153,"orthographic":false}