{"cameraMode":{"drawMode":0,"name":"Shaded","section":"Shading Mode"},"sceneLighting":true,"audioPlay":false,"sceneViewState":{"showFog":true,"showMaterialUpdate":false,"showSkybox":true,"showFlares":true,"showImageEffects":true,"showParticleSystems":true},"in2DMode":false,"pivot":{"x":-46.60216522216797,"y":0.5005078315734863,"z":-1.4732913970947266},"rotation":{"x":-0.14590825140476228,"y":-0.10751064866781235,"z":0.01595293916761875,"w":-0.9833109974861145},"size":13.038396835327149,"orthographic":false}