{"cameraMode":{"drawMode":0,"name":"Shaded","section":"Shading Mode"},"sceneLighting":true,"audioPlay":false,"sceneViewState":{"showFog":true,"showMaterialUpdate":false,"showSkybox":true,"showFlares":true,"showImageEffects":true,"showParticleSystems":true},"in2DMode":false,"pivot":{"x":-43.2118034362793,"y":-0.45384883880615237,"z":3.8272361755371095},"rotation":{"x":-0.3085711598396301,"y":0.386779248714447,"z":-0.1391330361366272,"w":-0.8578048348426819},"size":22.55963706970215,"orthographic":false}