{"cameraMode":{"drawMode":0,"name":"Shaded","section":"Shading Mode"},"sceneLighting":true,"audioPlay":false,"sceneViewState":{"showFog":true,"showMaterialUpdate":false,"showSkybox":true,"showFlares":true,"showImageEffects":true,"showParticleSystems":true},"in2DMode":false,"pivot":{"x":-47.212074279785159,"y":4.581418514251709,"z":4.26806640625},"rotation":{"x":-0.11700957268476486,"y":-0.02323892153799534,"z":0.00273894052952528,"w":-0.9928640127182007},"size":25.789342880249025,"orthographic":false}